Model,orientation,appearance,race/ses,religion,ses,ethnicity,total,race/gender,gender,disability,nationality,age
gpt-3.5-turbo-1106,89.67592592592592,87.66497461928934,83.16487455197132,75.86666666666667,75.01748251748252,74.33139534883722,73.338121622546,70.796992481203,69.97878359264497,68.27763496143959,65.72727272727272,52.44565217391305
