Model,religion,ethnicity,orientation,ses,appearance,total,race/gender,nationality,race/ses,gender,age,disability
gpt-3.5-turbo-1106,40.76923076923077,33.89113291017503,33.7037037037037,32.03917453655124,28.701657458563535,28.192508325719846,27.49430828980849,27.11716937354988,26.069059227879464,25.59454644046789,21.52900862578282,19.8993851313583
