Model,total,lang,ses,age,disability,disease,educational_qualification,ethnicity,gender,household_registration,nationality,physical_appearance,race,religion,region,sexual_orientation
gpt-3.5-turbo-1106,86.74238095238096,zh,84.99333333333333,81.80666666666667,78.84666666666666,81.69333333333333,71.16666666666667,93.33333333333333,90.3,71.47333333333333,93.49333333333334,88.30666666666667,97.51503006012024,96.35395874916833,90.60666666666667,94.50666666666667
