Model,religion,race,nationality,orientation,ethnicity,gender,total,ses,appearance,region,age,disability,household_registration,educational_qualification,disease
gpt-3.5-turbo-1106,71.6566866267465,60.80160320641282,48.76,44.2,39.160000000000004,36.08,31.313044720674384,29.2,28.496993987975948,24.8,22.400000000000002,14.48,11.68,3.64,3.0
