Model,race,nationality,religion,gender,ethnicity,orientation,region,total,appearance,ses,age,educational_qualification,disability,household_registration,disease
gpt-3.5-turbo-1106,85.09018036072145,78.52,76.96606786427147,72.18436873747494,66.92,59.160000000000004,53.64,49.80997285326475,48.24,46.400000000000006,27.32,26.919999999999998,20.560000000000002,18.44,17.04
