Model,religion,race,nationality,orientation,total,ses,appearance,disability,age,gender
gpt-3.5-turbo-1106,82.0952380952381,81.74418604651163,77.48427672955975,75.95238095238095,75.58355437665783,73.0232558139535,72.6984126984127,70.33333333333334,70.11494252873564,64.9618320610687
