Model,race,religion,orientation,nationality,Total,ses,appearance,disability,age,gender
gpt-3.5-turbo-1106,77.86821705426357,76.76190476190476,73.57142857142858,72.0754716981132,71.89655172413794,70.5813953488372,70.15873015873015,67.66666666666666,65.74712643678161,61.832061068702295
