Model,religion,race,ses,orientation,total,gender,age,nationality,disability,appearance
gpt-3.5-turbo-1106,48.54771784232365,47.16251074806535,41.23847167325428,39.00523560209424,38.97556667647925,31.64029975020816,31.088082901554404,30.927835051546392,30.49645390070922,19.865319865319865
