Model,profession,total,race,religion,gender
gpt-3.5-turbo-1106,54.4896331738437,52.5219573400251,52.09510682288078,50.17094017094017,48.224043715846996
