Model,profession,Total,race,religion,gender
gpt-3.5-turbo-1106,53.644338118022326,51.58092848180678,51.28876636802205,48.034188034188034,46.80327868852459
