Model,religion,race,total,profession,gender
gpt-3.5-turbo-1106,17.253521126760564,15.923701872129989,15.665201629719933,15.42782707807539,14.956908534890188
