Model,orientation,race/gender,ses,race/ses,appearance,gender,ethnicity,total,disability,religion,nationality,age
gpt-4-turbo,98.05555555555556,96.78947368421052,96.76573426573427,96.56630824372759,96.47208121827411,96.37804187889077,95.93023255813954,94.39332890965434,90.3598971722365,89.2,85.01298701298701,76.5575731216701
