Model,orientation,appearance,ethnicity,race/gender,gender,race/ses,ses,total,disability,religion,nationality,age
gpt-4-turbo,99.58333333333333,97.78907242693774,97.69186046511628,97.07512855888623,96.51343705799151,96.04893846707448,95.84960652870883,95.17449227713279,92.45817245817246,90.18363939899832,89.68078175895765,81.46818923327895
