Model,race,ethnicity,orientation,gender,nationality,appearance,age,religion,region,total,educational_qualification,ses,disability,disease,household_registration
gpt-4-turbo,99.83967935871743,98.36,96.2,95.32000000000001,94.28,93.08,92.67999999999999,92.65469061876247,91.08000000000001,90.50857142857143,89.68,88.64,82.24000000000001,77.08,76.0
