Model,total,lang,ses,age,disability,disease,educational_qualification,ethnicity,gender,household_registration,nationality,physical_appearance,race,religion,region,sexual_orientation
gpt-4-turbo,96.69142857142857,en,97.74666666666667,96.03333333333333,96.70666666666666,97.61333333333333,94.69333333333333,98.27333333333334,97.77333333333334,89.37333333333333,97.39333333333333,95.34666666666666,99.5257181028724,98.15701929474385,95.66,99.38666666666667
