Model,total,lang,ses,age,disability,disease,educational_qualification,ethnicity,gender,household_registration,nationality,physical_appearance,race,religion,region,sexual_orientation
gpt-4-turbo,95.40428571428572,zh,95.98,93.68666666666667,93.49333333333334,96.56666666666666,89.59333333333333,99.04666666666667,95.44,86.94,95.60666666666665,94.59333333333333,99.23179692718772,99.30139720558883,97.02666666666666,99.15333333333334
