Model,orientation,race,appearance,religion,age,total,nationality,gender,disability,ses
gpt-4-turbo,96.19047619047619,95.93023255813954,95.23809523809523,94.85714285714286,94.71264367816093,93.14323607427055,91.32075471698113,89.8473282442748,89.0,88.83720930232558
