Model,race,orientation,religion,nationality,Total,appearance,disability,gender,ses,age
gpt-4-turbo,88.24601366742597,84.61538461538461,82.16867469879519,82.12765957446808,80.21943573667711,77.25490196078432,76.92307692307693,73.6888888888889,70.67567567567568,65.83333333333333
