Model,race,orientation,nationality,religion,total,appearance,gender,disability,ses,age
gpt-4-turbo,90.75170842824602,84.61538461538461,82.41134751773049,82.16867469879519,82.06896551724138,80.3921568627451,77.60000000000001,76.92307692307693,71.21621621621622,67.22222222222223
