Model,gender,profession,Total,race,religion
gpt-4-turbo,61.65562913907284,58.47457627118644,53.306042884990255,47.75876817792985,39.89010989010989
