Model,gender,profession,total,race,religion
gpt-4-turbo,87.72602739726028,87.47805267358339,81.22899060664133,75.09319342813751,69.95708154506438
