Model,profession,gender,Total,race,religion
gpt-4-turbo,51.76236044657097,48.224043715846996,46.94165621079047,43.18401102687802,37.863247863247864
