Model,gender,profession,total,race,religion
gpt-4-turbo,62.913907284768214,59.132602193419736,53.754385964912274,47.85286569717708,39.89010989010989
