Model,race,ethnicity,religion,nationality,orientation,gender,region,ses,appearance,total,age,disability,household_registration,disease,educational_qualification
gemini,98.3567134268537,92.67999999999999,92.5748502994012,87.92,74.0,66.72,64.96,64.44,63.239999999999995,61.668571428571425,50.0,41.88,28.439999999999998,26.6,11.559999999999999
