Model,race,religion,ethnicity,nationality,gender,orientation,total,ses,appearance,age,region,disability,educational_qualification,disease,household_registration
gemini-pro,91.30260521042084,83.8323353293413,77.88000000000001,72.84,63.4,58.199999999999996,51.214285714285715,50.839999999999996,43.24,42.199999999999996,37.32,35.8,22.759999999999998,20.36,17.04
