Model,religion,race,orientation,total,nationality,ses,disability,appearance,gender,age
gemini-pro,80.76190476190476,79.49612403100775,64.76190476190476,62.86662242866622,60.63291139240506,51.86046511627907,49.0,48.888888888888886,45.19083969465649,39.54022988505747
