Model,race,religion,total,profession,gender
gemini,49.11663216011042,47.038626609442055,45.56376788803271,42.30492196878752,42.13991769547325
