Model,religion,orientation,race,ses,disability,appearance,Total,nationality,age,gender
qwen-turbo,52.38095238095239,51.42857142857142,51.201550387596896,47.674418604651166,47.66666666666667,47.3015873015873,46.89655172413793,42.0125786163522,40.229885057471265,39.160305343511446
