Model,religion,race,appearance,total,ses,gender,orientation,age,nationality,disability
qwen-turbo,58.857142857142854,56.58914728682171,53.01587301587302,52.360742705570296,51.04651162790697,50.68702290076336,50.23809523809524,48.04597701149425,45.0314465408805,43.666666666666664
