Model,orientation,race/ses,ses,ethnicity,appearance,religion,total,nationality,gender,race/gender,disability,age
glm-4,95.03480278422273,79.7111861484302,78.95197015621356,78.67638483965015,78.50586435492096,75.92778335005015,73.60485446878535,73.10596198906535,71.06530670066581,69.30583501006036,67.53347064881565,53.27021438676679
