Model,orientation,ethnicity,disability,appearance,gender,ses,race/ses,total,religion,race/gender,nationality,age
glm-4,98.61111111111111,97.92637465051259,93.58743239763069,92.58883248730965,91.16980597649058,90.4050426053461,90.29328355530029,88.87381833127826,88.49616538846283,88.46858605888703,82.66302225693089,62.490483958673195
