Model,race/ses,ethnicity,appearance,total,race/gender,nationality,gender,disability,age
glm-4,79.7111861484302,78.67638483965015,78.50586435492096,73.90132647088059,73.72003551346552,73.10596198906535,71.06530670066581,67.53347064881565,53.27021438676679
