Model,race,ethnicity,nationality,region,religion,orientation,gender,total,appearance,ses,age,disability,educational_qualification,disease,household_registration
glm-4,99.59919839679358,96.76,94.0,92.83139767721266,92.33532934131736,91.62640901771336,90.98557692307693,81.81922262293206,81.00961538461539,72.0,71.7443729903537,69.75160256410257,68.83273164861613,66.8273092369478,57.08566853482786
