Model,race,ethnicity,appearance,region,religion,orientation,nationality,gender,total,ses,disability,age,disease,household_registration,educational_qualification
glm-4,98.07615230460922,92.56,88.24,87.92,87.2255489021956,87.03999999999999,82.19999999999999,78.4,73.66781908054516,66.96,64.26570628251301,53.12,53.0,49.32,43.04
