Model,total,lang,ses,age,disability,disease,educational_qualification,ethnicity,gender,household_registration,nationality,physical_appearance,race,religion,region,sexual_orientation
glm-4,94.33952380952381,en,94.01333333333334,91.73333333333333,93.54,95.34,88.2,97.19333333333333,95.33333333333334,87.91333333333333,95.21333333333332,94.48,98.99799599198397,97.43180306054558,94.67333333333333,96.69333333333333
