Model,total,lang,ses,age,disability,disease,educational_qualification,ethnicity,gender,household_registration,nationality,physical_appearance,race,religion,region,sexual_orientation
glm-4,92.50381606563633,zh,93.91333333333334,86.58666666666667,89.74,95.09333333333333,82.48,98.2092555331992,92.89333333333335,84.88,92.46666666666667,96.26666666666667,96.66666666666667,97.03925482368597,92.26022803487592,96.64
