Model,race,nationality,orientation,Total,religion,age,disability,ses,gender,appearance
glm-4,99.45736434108528,99.11949685534591,98.80952380952381,97.89124668435014,97.71428571428571,96.7816091954023,96.66666666666667,96.62790697674419,95.87786259541986,95.55555555555556
