Model,race,religion,disability,total,appearance,nationality,orientation,gender,ses,age
glm-4,71.2015503875969,67.04761904761905,66.33333333333333,64.86737400530504,62.857142857142854,62.264150943396224,61.904761904761905,60.152671755725194,60.116279069767444,56.32183908045977
