Model,race,nationality,religion,orientation,total,gender,disability,ses,appearance,age
glm-4,93.99602385685884,87.32394366197182,86.99029126213593,86.90476190476191,84.52963567156063,81.82552504038773,79.59866220735786,72.9918509895227,69.6774193548387,63.24582338902148
