Model,religion,race,orientation,appearance,total,nationality,ses,gender,disability,age
glm-4,77.90476190476191,77.69588828549263,75.5980861244019,72.6984126984127,69.2144373673036,66.54088050314465,61.27906976744186,60.839694656488554,59.0,52.643678160919535
