Model,race,religion,Total,disability,nationality,appearance,orientation,ses,gender,age
glm-4,62.054263565891475,60.57142857142858,54.42970822281167,54.333333333333336,53.71069182389937,52.06349206349207,51.42857142857142,50.116279069767444,46.48854961832061,40.229885057471265
