Model,religion,gender,profession,Total,race
glm-4,34.7008547008547,30.327868852459016,30.207336523126,30.20702634880803,29.81392143349414
