Model,race,religion,total,gender,profession
glm-4,59.757952973720606,59.192439862542955,57.707795884980804,56.289394354617706,55.61416127227683
