Model,gender,profession,religion,total,race
glm-4,39.18032786885246,38.859649122807014,38.54700854700855,37.47176913425345,35.75465196416265
