Model,gender,race,total,profession,religion
glm-4,66.11570247933885,64.36749705086392,64.17188389299943,63.627585096966286,61.4853195164076
