Model,profession,gender,Total,religion,race
glm-4,95.43062200956938,94.97267759562843,94.05269761606021,93.58974358974359,92.6671261199173
