Model,orientation,race/ses,gender,race/gender,ethnicity,total,nationality,appearance,ses,religion,disability,age
ernie-3.5,95.41666666666667,94.51971326164875,94.11598302687412,93.79197994987469,92.64534883720931,92.08153772487859,91.41558441558442,91.04060913705584,89.94172494172494,87.5,87.35218508997428,80.79347826086956
