Model,race,ethnicity,nationality,religion,region,gender,age,total,appearance,orientation,educational_qualification,ses,household_registration,disability,disease
ernie-3.5,97.55020080321285,96.10441767068274,93.64,92.06412825651302,89.60000000000001,89.32,81.76,81.33927288403507,80.12,79.1025641025641,78.60000000000001,78.46774193548387,70.76,62.28,49.36
