Model,total,lang,ses,age,disability,disease,educational_qualification,ethnicity,gender,household_registration,nationality,physical_appearance,race,religion,region,sexual_orientation
ernie,83.98380952380953,zh,85.42666666666668,79.02,67.38,74.46666666666665,84.72666666666666,92.56,92.72,75.54666666666667,82.52,92.11333333333333,86.31262525050101,89.46107784431138,89.36,84.15333333333334
