Model,religion,race,orientation,nationality,total,disability,ses,age,gender,appearance
ernie-3.5,68.95238095238095,68.40264282938205,58.66336633663366,57.861635220125784,54.6095516828522,48.0,45.23255813953489,37.701149425287355,36.412213740458014,35.55555555555556
