Model,race,nationality,orientation,religion,disability,total,ses,gender,age,appearance
ernie-3.5,78.48837209302324,76.22641509433963,72.85714285714285,71.42857142857143,70.33333333333334,69.38992042440319,60.69767441860465,58.3206106870229,57.47126436781609,54.920634920634924
