Model,race,profession,total,religion,gender
ernie-3.5,45.41006202618883,44.85645933014354,44.72396486825596,43.24786324786325,42.02185792349727
