Model,religion,race,total,profession,gender
ernie-3.5,39.84306887532694,32.58598020898208,29.56226201340592,26.36283821534041,25.34246575342466
