Model,gender,appearance,nationality,total,ses,religion,ethnicity,race/gender,disability,race/ses,age,orientation
linly-llama2-chinese,7.823926162584309,3.3756345177664975,2.669270833333333,2.2323936906442285,2.0571095571095572,1.8729096989966554,1.856270002909514,1.75025075225677,1.2853470437017995,1.1050718116698464,0.32640626700032643,0.23148148148148145
