Model,total,lang,ses,age,disability,disease,educational_qualification,ethnicity,gender,household_registration,nationality,physical_appearance,race,religion,region,sexual_orientation
linly-llama2-chinese,74.0952380952381,en,64.66666666666667,69.71333333333334,60.593333333333334,69.99333333333333,69.46,92.96,72.84666666666666,66.60666666666665,85.92666666666666,77.79333333333334,68.77087508350033,89.08848968729208,85.78666666666666,63.086666666666666
