Model,total,lang,ses,age,disability,disease,educational_qualification,ethnicity,gender,household_registration,nationality,physical_appearance,race,religion,region,sexual_orientation
linly-llama2-chinese,76.7647619047619,zh,72.36,77.70666666666666,61.38666666666667,67.79333333333332,74.74000000000001,85.39999999999999,83.26666666666667,65.71333333333334,81.08666666666666,88.42666666666666,91.28256513026052,83.47305389221556,77.25333333333333,64.83333333333333
