Model,disability,religion,nationality,age,race,appearance,total,ses,gender,orientation
llama2-chinese,10.0,8.653846153846153,7.206068268015171,6.976744186046512,6.601178781925343,6.349206349206349,6.22906898861353,5.847953216374268,3.863987635239567,3.614457831325301
