Model,race,total,religion,profession,gender
linly-llama2-chinese,4.8516218081435465,4.011308308465526,3.51931330472103,3.4078212290502794,2.904109589041096
