Model,religion,race,nationality,orientation,Total,appearance,ses,age,disability,gender
gpt-3.5,91.23809523809524,88.79844961240309,85.40880503144655,84.04761904761905,83.84615384615385,82.85714285714286,80.69767441860465,80.6896551724138,75.66666666666667,75.34351145038168
sensechat,92.0,96.97674418604652,93.58490566037736,91.66666666666666,93.3775713337757,89.84126984126985,89.47368421052632,94.94252873563218,84.66666666666667,92.13740458015268
minimax,96.57142857142856,97.55813953488372,96.22641509433964,97.14285714285714,95.0132625994695,92.38095238095238,90.58139534883722,90.80459770114942,90.0,94.04580152671755
ernie,83.42857142857143,87.05426356589147,84.77987421383648,79.28571428571428,79.45623342175067,66.34920634920634,70.23255813953489,72.64367816091955,80.0,71.06870229007633
glm-4,97.71428571428572,99.45736434108528,99.11949685534591,98.8095238095238,97.89124668435014,95.55555555555556,96.6279069767442,96.7816091954023,96.66666666666669,95.87786259541986
