Model,profession,Total,race,gender,religion
gpt-3.5,62.51993620414673,61.09473023839398,61.061337008959335,57.73224043715847,56.75213675213675
sensechat,71.80406212664278,71.7254261031987,71.75038051750381,73.50701402805612,64.02877697841727
minimax,88.03827751196172,87.73525721455458,87.83597518952446,86.74863387978142,86.32478632478633
ernie,64.21052631578948,63.481806775407776,63.62508614748449,62.04918032786885,58.37606837606838
glm-4,95.43062200956938,94.0526976160602,92.6671261199173,94.97267759562844,93.5897435897436
