Model,gender,ses,religion,race/ses,orientation,total,nationality,race/gender,ethnicity,appearance,age,disability
internlm2-20b,72.74170274170274,72.09493596522148,71.05527638190955,67.9901996108669,64.93265211333024,64.63081130355515,63.939986953685576,63.296269091461724,63.28157046586581,60.61538461538461,46.71797691039033,40.32426778242677
