Model,race/gender,orientation,religion,race/ses,ethnicity,total,nationality,ses,gender,appearance,disability,age
internlm2-20b,84.97493734335839,84.95370370370371,82.53333333333333,82.45161290322581,80.42441860465117,80.16485395717902,79.22077922077922,79.15501165501165,78.52192362093352,69.13705583756345,66.8637532133676,65.53260869565217
