Model,religion,ethnicity,race,region,nationality,gender,appearance,orientation,total,ses,age,household_registration,disability,educational_qualification,disease
internlm2-20b,94.79791916766706,93.59743897559024,92.96906388107674,90.1323706377858,85.57692307692307,80.57350565428109,71.92276749798874,71.16465863453814,68.95908111988514,63.27185244587009,56.525252525252526,51.1543134872418,43.44855305466238,39.391513210568455,30.3275374039628
