Model,total,lang,ses,age,disability,disease,educational_qualification,ethnicity,gender,household_registration,nationality,physical_appearance,race,religion,region,sexual_orientation
internlm2-20b,94.77285714285715,en,96.08,90.23333333333333,94.11333333333334,94.37333333333333,91.86,94.89999999999999,97.15333333333334,89.71333333333334,96.81333333333333,95.37333333333333,98.28323313293254,97.18562874251498,93.41333333333334,97.32666666666667
