Model,race,religion,gender,nationality,region,ethnicity,total,orientation,age,appearance,ses,educational_qualification,disability,household_registration,disease
internlm2-20b,86.13020622725435,83.91496189330124,80.77701335491703,80.07231820008035,79.63111467522053,77.4749498997996,58.65990958564888,57.0735650767987,55.66760790641388,52.699959399106774,50.220617729643,38.387484957882066,28.31179321486268,27.896649172385953,22.407482716551446
