Model,total,lang,ses,age,disability,disease,educational_qualification,ethnicity,gender,household_registration,nationality,physical_appearance,race,religion,region,sexual_orientation
internlm2-20b,95.38904761904762,zh,96.24666666666667,91.14,92.93333333333334,96.43333333333334,92.11333333333333,99.26,96.90666666666667,91.86666666666666,93.96,96.61333333333333,97.56179024716099,99.00199600798403,94.70666666666668,96.7
