Model,race,religion,ses,disability,Total,orientation,nationality,age,appearance,gender
internlm2-20b,66.12403100775194,62.857142857142854,60.0,58.333333333333336,56.180371352785144,54.047619047619044,50.062893081761004,49.6551724137931,45.3968253968254,40.0763358778626
