Model,religion,race,orientation,total,nationality,ses,disability,appearance,age,gender
internlm2-20b,67.11538461538461,66.35220125786164,54.76772616136919,53.04878048780488,50.32010243277849,45.37914691943128,43.75,41.69381107491857,37.32057416267943,36.87943262411347
