Model,race,religion,ses,disability,total,orientation,nationality,age,appearance,gender
internlm2-20b,66.66666666666666,62.857142857142854,60.0,58.333333333333336,56.43236074270557,54.285714285714285,50.314465408805034,49.88505747126437,45.3968253968254,40.15267175572519
