Model,race,total,religion,gender,profession
internlm2-20b,34.546597736481765,31.308440938871573,30.48780487804878,28.762169680111267,28.38110617682681
