Model,profession,race,total,gender,religion
internlm2-20b,33.133971291866025,33.128876636802204,32.750941028858215,31.038251366120218,29.31623931623932
