Model,profession,race,Total,gender,religion
internlm2-20b,33.070175438596486,33.04617505168849,32.67565872020075,30.983606557377048,29.14529914529915
