Model,race/ses,religion,ses,nationality,total,ethnicity,orientation,appearance,age,race/gender,gender,disability
internlm2-1-8b,37.232949122678214,34.61146929080421,34.11604660791388,29.524931291715745,25.806384628163244,25.370937352802635,24.577861163227016,20.18466273403437,19.625861503117818,19.3751733528329,17.679715302491104,13.281653746770026
