Model,ses,race/ses,religion,ethnicity,nationality,total,orientation,appearance,race/gender,age,gender,disability
internlm2-1-8b,43.63636363636363,36.59856630824373,32.766666666666666,32.58139534883721,31.8051948051948,29.65387509405568,28.935185185185187,25.837563451776653,23.651629072681704,21.25,21.18811881188119,15.038560411311053
