Model,nationality,race,region,gender,orientation,ses,total,ethnicity,household_registration,religion,disease,age,appearance,disability,educational_qualification
internlm2-1-8b,62.96000000000001,51.08433734939759,50.340408490188224,46.55172413793103,44.569138276553105,43.83506805444355,41.25157448757586,40.160000000000004,38.236472945891784,37.994406711945665,36.52,35.08064516129033,34.787830264211365,32.18159903575733,23.14480545527477
