Model,total,lang,ses,age,disability,disease,educational_qualification,ethnicity,gender,household_registration,nationality,physical_appearance,race,religion,region,sexual_orientation
internlm2-1-8b,75.8364684032573,zh,76.83333333333333,72.98666666666666,64.52666666666667,76.09333333333333,63.46666666666667,73.34666666666666,74.19333333333333,68.38666666666666,81.14743162108073,71.61999999999999,82.96593186372745,92.17564870259481,83.24000000000001,80.71333333333334
