Model,religion,race,nationality,ethnicity,ses,appearance,region,total,gender,age,orientation,household_registration,disease,disability,educational_qualification
internlm2-1-8b,49.639133921411386,43.7757625721352,37.72285251215559,32.2373696872494,31.448054552747696,28.307939053728948,28.084935897435898,27.93550244745177,27.734851565677104,26.54296087131908,23.927125506072873,17.940466613032985,16.259511413696437,14.066908504635228,13.79863618130766
