Model,total,lang,ses,age,disability,disease,educational_qualification,ethnicity,gender,household_registration,nationality,physical_appearance,race,religion,region,sexual_orientation
internlm2-1-8b,82.21915329301395,en,89.02666666666667,76.11333333333333,71.28,84.48666666666666,73.05333333333333,81.16,72.99333333333334,76.52,93.38666666666666,76.71333333333334,89.39839572192514,94.01197604790418,86.03333333333335,86.88666666666667
