Model,religion,disability,ses,orientation,race,total,nationality,age,appearance,gender
internlm2-1-8b,41.14285714285714,38.666666666666664,29.53488372093023,29.523809523809526,27.286821705426355,27.16180371352785,25.78616352201258,22.988505747126435,20.317460317460316,20.229007633587788
