Model,religion,nationality,race,ses,orientation,total,appearance,disability,age,gender
internlm2-1-8b,34.11764705882353,30.789473684210527,28.670191134607563,28.25822168087698,27.95969773299748,27.281539952915107,25.649350649350648,25.517241379310345,24.881516587677723,20.414673046251995
