Model,religion,disability,ses,orientation,race,Total,nationality,age,appearance,gender
internlm2-1-8b,41.14285714285714,38.666666666666664,29.53488372093023,29.523809523809526,27.248062015503876,27.13527851458886,25.78616352201258,22.758620689655174,20.317460317460316,20.229007633587788
