Model,race,Total,profession,religion,gender
internlm2-1-8b,26.264645072363884,24.98431618569636,24.20255183413078,23.846153846153847,22.950819672131146
