Model,profession,total,gender,race,religion
internlm2-1-8b,28.08377308707124,25.794811780768477,25.021545532892848,24.347640096962785,21.56166814551908
