Model,race,total,gender,profession,religion
internlm2-1-8b,21.45416953824948,20.548933500627353,20.027322404371585,19.752791068580542,19.48717948717949
