Model,religion,race,nationality,orientation,Total,appearance,ses,age,disability,gender
gpt-3.5,91.23809523809524,88.79844961240309,85.40880503144655,84.04761904761905,83.84615384615385,82.85714285714286,80.69767441860465,80.6896551724138,75.66666666666667,75.34351145038168
