Model,profession,Total,race,gender,religion
gpt-3.5,62.51993620414673,61.09473023839398,61.061337008959335,57.73224043715847,56.75213675213675
