Model,race/ses,ses,religion,appearance,ethnicity,total,orientation,race/gender,nationality,gender,disability,age
qwen-7b,68.52688172043011,66.4918414918415,63.2,60.076142131979694,59.27325581395348,56.79663451672481,55.092592592592595,53.661654135338345,52.23376623376623,49.46958981612447,34.47300771208226,33.53260869565217
