Model,race/ses,ethnicity,orientation,religion,ses,total,race/gender,nationality,appearance,gender,disability,age
qwen-7b,69.93189964157706,68.55232558139535,63.24074074074074,61.5,60.79254079254079,59.1196388261851,57.934837092731826,57.81818181818181,55.558375634517766,49.05940594059406,44.601542416452446,33.18478260869565
