Model,total,lang,ses,age,disability,disease,educational_qualification,ethnicity,gender,household_registration,nationality,physical_appearance,race,religion,region,sexual_orientation
qwen-7b,88.58047619047619,zh,91.38666666666666,81.40666666666667,70.02,82.07333333333334,86.85333333333334,94.28666666666666,91.69333333333334,81.42,91.85333333333332,95.67333333333333,95.86506346025384,94.30472388556221,88.28,95.01333333333334
