Model,race,nationality,ethnicity,gender,religion,region,orientation,appearance,total,ses,household_registration,disease,age,disability,educational_qualification
qwen-7b,90.3006012024048,88.35341365461848,88.01603206412825,78.4,76.84630738522954,71.62434502216848,70.39999999999999,63.863179074446684,62.42014495659897,59.23694779116466,42.965931863727455,39.13744457879887,38.24,33.42685370741483,32.985971943887776
