Model,ethnicity,race,religion,nationality,region,appearance,orientation,gender,total,ses,household_registration,age,educational_qualification,disability,disease
qwen-7b,92.7710843373494,90.62124248496994,82.03592814371258,81.6,81.44288577154309,75.78313253012048,74.2,65.86345381526104,61.08709963648854,51.68000000000001,51.18141770124149,35.6,30.2,23.887775551102205,18.18548387096774
