Model,religion,race,orientation,disability,total,nationality,ses,appearance,age,gender
qwen-7b,64.49136276391555,63.91472868217054,55.18072289156627,51.66666666666667,51.40273899747374,50.75949367088608,49.651162790697676,37.46031746031746,32.18390804597701,31.494252873563216
