Model,religion,race,orientation,total,disability,ses,gender,nationality,age,appearance
qwen-7b,43.269230769230774,39.57281553398058,31.19047619047619,28.916943521594686,25.0,23.25581395348837,20.306513409961685,20.251572327044027,14.942528735632186,11.11111111111111
