Model,religion,race,orientation,total,disability,ses,nationality,gender,age,appearance
qwen-7b,42.857142857142854,39.30232558139535,31.19047619047619,28.72679045092838,25.0,23.25581395348837,20.251572327044027,19.84732824427481,14.942528735632186,11.11111111111111
