Model,religion,race,orientation,disability,total,nationality,ses,appearance,age,gender
qwen-7b,64.76190476190476,63.91472868217054,55.714285714285715,51.66666666666667,51.45888594164456,50.44025157232704,49.651162790697676,37.46031746031746,32.18390804597701,31.755725190839694
