Model,profession,race,total,religion,gender
qwen-7b,26.16934516670664,26.127806563039723,25.921615500754907,25.321888412017167,24.444444444444443
