Model,race,profession,total,religion,gender
qwen-7b,26.16977225672878,26.145251396648046,25.927438354012878,25.321888412017167,24.410958904109588
