Model,race,profession,religion,total,gender
qwen-7b,5.769496204278813,5.746209098164405,5.579399141630901,5.5316475577194915,3.8356164383561646
