Model,disability,race,religion,orientation,Total,gender,age,nationality,ses,appearance
llama-7b,18.333333333333332,16.86046511627907,14.285714285714285,13.80952380952381,13.554376657824935,12.595419847328243,11.494252873563218,10.817610062893083,8.488372093023255,7.936507936507936
