Model,religion,race,Total,gender,profession
llama-7b,20.94017094017094,17.208821502412132,14.002509410288583,11.775956284153006,10.29505582137161
