Model,gender,ethnicity,ses,race/ses,race/gender,nationality,total,appearance,religion,disability,age
minimax,88.33097595473834,84.94767441860465,84.56191874694078,81.28673835125448,81.18201413604692,80.75324675324676,80.18864483561055,78.93401015228426,73.13333333333333,62.13367609254499,56.28260869565217
