Model,age,total
minimax,46.161137440758296,46.161137440758296
