Model,gender,ethnicity,race/ses,race/gender,nationality,total,appearance,disability,age
minimax,88.33097595473834,84.94767441860465,81.28673835125448,81.27373417721519,80.75324675324676,80.00820411846748,78.93401015228426,62.13367609254499,56.28260869565217
