Model,race/gender,race/ses,gender,ethnicity,total,disability,ses,nationality,appearance,orientation,religion,age
minimax,99.27318295739347,98.37992831541219,98.15417256011315,97.68604651162791,95.70422053492031,94.39588688946016,94.1025641025641,92.1948051948052,92.18274111675126,91.99074074074073,89.36666666666667,75.56521739130434
