Model,ethnicity,ses,age,total,disability,educational_qualification,disease
minimax,98.53333333333333,77.84,66.47999999999999,54.490566037735846,50.080000000000005,37.12,27.72
