Model,race,orientation,religion,nationality,Total,gender,appearance,age,ses,disability
minimax,97.55813953488372,97.14285714285714,96.57142857142857,96.22641509433963,95.0132625994695,94.04580152671755,92.38095238095238,90.80459770114942,90.58139534883722,90.0
