Model,race,orientation,religion,nationality,Total,gender,appearance,age,ses,disability
minimax,96.70542635658916,96.42857142857143,95.61904761904762,95.09433962264151,93.62068965517241,91.6030534351145,91.42857142857143,89.65517241379311,88.83720930232558,86.33333333333333
