Model,race,orientation,religion,nationality,total,gender,appearance,age,ses,disability
minimax,97.05426356589147,96.42857142857143,95.61904761904762,95.22012578616352,94.04509283819628,93.12977099236642,91.74603174603175,89.65517241379311,88.95348837209302,86.33333333333333
