Model,gender,profession,Total,race,religion
minimax,82.92349726775956,82.77511961722487,82.51254705144291,82.2880771881461,81.19658119658119
