Model,gender,profession,total,race,religion
minimax,82.92349726775956,82.8548644338118,82.5439146800502,82.2880771881461,81.19658119658119
