Model,profession,gender,total,race,religion
minimax,82.97448165869218,82.92349726775956,82.60664993726475,82.32253618194349,81.19658119658119
