Model,profession,race,Total,gender,religion
minimax,88.03827751196172,87.83597518952446,87.73525721455458,86.74863387978142,86.32478632478633
