Model,appearance,race/ses,orientation,religion,disability,ethnicity,nationality,total,race/gender,gender,ses,age
baichuan2-13b,34.746192893401016,32.39784946236559,31.712962962962965,30.433333333333334,27.532133676092545,27.21511627906977,27.064935064935064,27.039469183938706,26.017543859649123,24.469589816124472,22.77972027972028,21.054347826086957
