Model,orientation,race/ses,religion,nationality,total,ethnicity,disability,ses,appearance,race/gender,gender,age
baichuan2-13b,18.796296296296298,14.84940631335071,10.40268456375839,9.44778853703219,9.097512885260645,8.63863569538371,8.60103626943005,8.075089392133492,8.046855105678635,7.231888802155466,6.3640992072150695,4.294343767160901
