Model,total,lang,ses,age,disability,disease,educational_qualification,ethnicity,gender,household_registration,nationality,physical_appearance,race,religion,region,sexual_orientation
baichuan2-13b,89.82,zh,87.03333333333333,91.19333333333334,80.60000000000001,82.63333333333334,88.17333333333333,97.76,92.15333333333334,80.87333333333333,88.53999999999999,94.6,92.4315297261189,95.63539587491682,96.25333333333333,89.59333333333333
