Model,religion,race,nationality,orientation,appearance,disease,ses,total,region,gender,disability,age,educational_qualification,ethnicity,household_registration
baichuan2-13b,50.34068136272545,38.01383801383801,37.92270531400966,31.25,27.54977651361235,27.530364372469634,27.18875502008032,25.25814825497548,21.686746987951807,19.282511210762333,18.295638126009692,15.825874694873882,15.104166666666666,12.474849094567404,11.030303030303031
