Model,total,lang,ses,age,disability,disease,educational_qualification,ethnicity,gender,household_registration,nationality,physical_appearance,race,religion,region,sexual_orientation
baichuan2-13b,87.90809523809524,en,85.58666666666667,85.74,82.52666666666667,82.38666666666667,83.64666666666668,91.32000000000001,92.01333333333334,77.55333333333333,91.12,89.02,92.38476953907816,96.26081170991351,92.2,88.94666666666666
