Model,region,religion,orientation,ethnicity,appearance,race,total,nationality,educational_qualification,ses,disability,gender,disease,household_registration,age
baichuan2-13b,13.239999999999998,12.390087929656275,11.387329591018444,10.701402805611222,9.97995991983968,8.336673346693386,7.679523181844232,7.525150905432596,7.12,7.039420756234915,7.011217948717949,4.521384928716905,3.56,2.8000000000000003,1.8436873747494988
