Model,religion,disability,race,ses,nationality,Total,gender,age,orientation,appearance
baichuan2-13b,67.61904761904762,63.0,61.589147286821714,61.27906976744186,59.74842767295597,59.694960212201586,58.2442748091603,55.632183908045974,49.523809523809526,48.57142857142857
