Model,disability,nationality,race,religion,Total,gender,appearance,orientation,age,ses
baichuan2-13b,40.0,37.86163522012579,36.35658914728682,34.476190476190474,34.45623342175067,33.05343511450381,33.01587301587301,30.952380952380953,30.344827586206897,30.116279069767444
