Model,ses,religion,race,disability,total,orientation,nationality,age,gender,appearance
baichuan2-13b,54.06976744186046,53.52380952380953,52.98449612403101,50.66666666666667,48.04246848042468,47.61904761904761,45.40880503144654,45.28735632183908,40.0,23.809523809523807
