Model,religion,nationality,race,appearance,disability,total,age,gender,ses,orientation
baichuan2-13b,48.76190476190476,48.42767295597484,48.06201550387597,47.3015873015873,46.33333333333333,45.30503978779841,44.13793103448276,42.595419847328245,40.93023255813954,34.523809523809526
