Model,gender,religion,race,total,profession
baichuan2-13b,39.97260273972603,38.4549356223176,37.74939592682085,34.93381127566582,29.872830520675038
