Model,religion,profession,Total,race,gender
baichuan2-13b,42.64957264957265,36.47527910685805,33.792346298619826,32.35699517574086,27.459016393442624
