Model,profession,religion,total,race,gender
baichuan2-13b,38.165869218500795,37.94871794871795,36.916562107904646,36.760854583046175,32.92349726775956
