Model,religion,race,profession,Total,gender
baichuan2-13b,31.196581196581196,29.47622329427981,29.41786283891547,29.234629861982437,27.021857923497265
