Model,appearance,nationality,race/ses,ethnicity,total,orientation,religion,ses,age,gender,disability,race/gender
chatglm3-6b,37.39018087855297,34.85901639344262,31.10095462754782,26.587000874380646,24.006169322902917,23.474178403755868,21.97986577181208,21.832948011144705,21.097092704333516,19.078899877282897,18.922470433639948,18.591549295774648
