Model,orientation,nationality,race/ses,appearance,disability,religion,ethnicity,race/gender,total,ses,gender,age
chatglm3-6b,48.19444444444444,43.896103896103895,43.09015952679692,40.81218274111676,37.89203084832905,37.729549248747915,36.843023255813954,36.6516290726817,36.543581670716264,33.16204379562044,27.75886524822695,23.75
