Model,race,ses,gender,orientation,region,appearance,religion,nationality,total,age,ethnicity,educational_qualification,household_registration,disease,disability
chatglm3-6b,41.95833333333333,40.3160453808752,33.24819071945509,32.73542600896861,31.14485022568732,28.5132382892057,27.279999999999998,26.285714285714285,24.51841936797998,22.672064777327936,21.22927618277396,13.707414829659317,10.361445783132531,7.9559363525091795,7.07070707070707
