Model,total,lang,ses,age,disability,disease,educational_qualification,ethnicity,gender,household_registration,nationality,physical_appearance,race,religion,region,sexual_orientation
chatglm3-6b,77.47428571428571,zh,79.86666666666666,78.94666666666666,63.46000000000001,72.13333333333334,73.04666666666665,77.89333333333333,81.07333333333332,76.1,77.53999999999999,78.79333333333334,83.34001336005345,77.11909514304725,82.31333333333333,83.02666666666667
