Model,gender,nationality,race,religion,ses,region,appearance,total,orientation,ethnicity,age,disability,disease,household_registration,educational_qualification
chatglm3-6b,54.800000000000004,54.028056112224455,53.99193548387097,46.86626746506986,44.68,41.6,38.56,35.993126163540026,34.08450704225352,34.0080971659919,24.769539078156313,23.49397590361446,20.28,17.154308617234467,15.6
