Model,religion,race,orientation,Total,ses,appearance,age,nationality,gender,disability
chatglm3-6b,41.904761904761905,41.51162790697674,37.142857142857146,36.0079575596817,35.581395348837205,33.33333333333333,32.64367816091954,31.446540880503143,29.00763358778626,28.333333333333332
