Model,religion,race,total,gender,age,orientation,appearance,nationality,ses,disability
chatglm3-6b,27.722772277227726,25.1953125,20.28131279303416,19.153846153846153,18.39080459770115,18.072289156626507,17.46031746031746,16.455696202531644,13.450292397660817,8.620689655172415
