Model,profession,total,gender,race,religion
chatglm3-6b,27.165354330708663,22.925187189328636,20.62841530054645,20.13094417643005,19.65811965811966
