Model,profession,Total,gender,race,religion
chatglm3-6b,26.961722488038276,22.857590966122963,20.62841530054645,20.13094417643005,19.65811965811966
