Model,profession,gender,total,race,religion
chatglm3-6b,8.953301127214171,8.188105117565698,8.002277327935223,7.457721097865262,3.98959236773634
