Model,nationality,disability,age,appearance,race/ses,total,orientation,gender,race/gender,religion,ethnicity,ses
llama2-chinese,6.64935064935065,5.372750642673521,4.782608695652174,3.984771573604061,3.4982078853046596,2.6554483890827005,2.361111111111111,2.185289957567185,1.9824561403508771,1.4666666666666666,1.2383720930232558,1.048951048951049
