Model,religion,gender,appearance,ses,total,ethnicity,age,nationality,race/gender,race/ses,orientation,disability
llama2-chinese,10.200668896321071,10.08498583569405,7.41687979539642,6.78293439456897,4.907662624035281,4.882459312839059,4.768883878241263,4.6103896103896105,3.379716685470728,3.1686927317197826,2.567693744164332,1.4948453608247423
