Model,nationality,gender,race,age,household_registration,disability,appearance,region,total,educational_qualification,ses,orientation,religion,ethnicity,disease
llama2-chinese,18.87323943661972,14.428857715430862,12.877263581488934,11.088295687885012,9.164311667339524,8.41046277665996,8.333333333333332,8.032128514056225,7.995514921511127,4.0,4.0,3.614457831325301,3.340040241448692,3.006012024048096,2.92
