Model,appearance,ethnicity,nationality,race,region,age,gender,total,religion,ses,orientation,disease,household_registration,educational_qualification,disability
llama2-chinese,23.463238248292487,16.666666666666664,15.806322529011604,12.690763052208837,11.16,10.843373493975903,10.6,9.31045349070387,8.84,5.92,5.210420841683367,3.1707317073170733,2.8000000000000003,2.6,0.6
