Model,orientation,nationality,religion,age,Total,ses,gender,race,appearance,disability
llama2-chinese,30.714285714285715,27.044025157232703,26.666666666666668,26.436781609195403,23.79310344827586,23.604651162790695,23.358778625954198,22.713178294573645,17.46031746031746,15.0
