Model,religion,disability,nationality,race,total,ses,age,appearance,gender,orientation
llama2-chinese,8.571428571428571,6.666666666666667,6.289308176100629,5.465116279069767,4.8541114058355435,4.651162790697675,4.597701149425287,3.1746031746031744,2.6717557251908395,1.1904761904761905
