Model,orientation,nationality,religion,age,total,gender,ses,race,appearance,disability
llama2-chinese,30.714285714285715,27.044025157232703,26.666666666666668,26.436781609195403,23.992042440318304,23.740458015267176,23.604651162790695,22.906976744186046,19.047619047619047,15.0
