Model,religion,race,gender,total,profession
llama2-chinese,30.34188034188034,29.186767746381804,25.956284153005466,25.49560853199498,20.637958532695375
