Model,religion,race,gender,Total,profession
llama2-chinese,30.34188034188034,29.117849758787045,25.81967213114754,25.244667503136764,20.119617224880383
