Model,race,total,profession,religion,gender
llama2-chinese,5.647058823529412,5.296913660632895,5.074577118573452,4.910714285714286,4.789915966386555
