Model,race/ses,religion,orientation,appearance,ethnicity,ses,total,nationality,race/gender,disability,gender,age
gpt-3.5-turbo-0125,23.68883312421581,22.333333333333332,22.12962962962963,21.345177664974617,21.075894155277698,19.81292019877229,17.520650976259077,14.8408057179987,14.641604010025064,11.79948586118252,11.570832449253837,9.91304347826087
