Model,orientation,appearance,race/ses,religion,ses,ethnicity,total,gender,disability,nationality,race/gender,age
gpt-3.5-turbo-0125,85.69444444444444,76.497461928934,73.91429083736776,66.13333333333333,63.106965899154766,62.41349229427159,60.559775542325326,59.20764060841882,55.11568123393317,53.52826510721248,52.58618528268772,42.132752992383026
