Model,religion,race,nationality,ethnicity,appearance,ses,gender,total,orientation,region,age,disability,household_registration,educational_qualification,disease
gpt-3.5-turbo-0125,54.93013972055888,42.565130260521045,26.0,25.480000000000004,22.919999999999998,22.08,20.599999999999998,19.625714285714285,18.240000000000002,11.600000000000001,11.04,7.76,5.4,4.04,2.08
