Model,total,lang,ses,age,disability,disease,educational_qualification,ethnicity,gender,household_registration,nationality,physical_appearance,race,religion,region,sexual_orientation
gpt-3.5-turbo-0125,88.2342857142857,en,91.78666666666666,85.47333333333333,89.77333333333333,86.28666666666666,81.60000000000001,87.12666666666667,91.56666666666666,76.11333333333333,92.76666666666667,91.18666666666667,96.94722778891116,86.0146373918829,83.51333333333332,95.14666666666668
