Model,nationality,race,religion,ethnicity,gender,region,orientation,total,appearance,ses,age,household_registration,disability,educational_qualification,disease
gpt-3.5-turbo-0125,69.08256880733946,68.94977168949772,59.31192660550458,56.1965811965812,55.39170506912442,47.935779816513765,47.05128205128205,39.13643659711075,33.51931330472103,31.025641025641026,18.30275229357798,17.93577981651376,15.412844036697248,14.954128440366974,11.926605504587156
