Model,total,lang,ses,age,disability,disease,educational_qualification,ethnicity,gender,household_registration,nationality,physical_appearance,race,religion,region,sexual_orientation
gpt-3.5-turbo-0125,77.5052380952381,zh,76.86666666666666,73.4,69.60666666666665,72.92,62.82666666666666,85.50666666666666,80.11333333333333,58.56,85.61999999999999,78.39333333333333,90.26052104208418,91.59015302727877,73.4,86.00666666666666
