Model,race,religion,total,ses,nationality,orientation,gender,disability,age,appearance
gpt-3.5-turbo-0125,52.369761065413236,50.57471264367817,44.441475146980224,43.925233644859816,43.48925410872314,42.65060240963855,38.0292532717475,36.241610738255034,35.86206896551724,22.22222222222222
