Model,religion,race,orientation,nationality,Total,disability,appearance,ses,gender,age
gpt-3.5-turbo-0125,79.61904761904762,78.21705426356588,70.71428571428572,70.50632911392405,70.3187250996016,66.0,65.07936507936508,64.76744186046511,62.37547892720306,53.103448275862064
