Model,religion,race,orientation,total,nationality,disability,appearance,ses,gender,age
gpt-3.5-turbo-0125,85.71428571428571,83.06201550387597,75.95238095238095,75.1527224435591,74.17721518987341,72.0,69.2063492063492,69.18604651162791,66.66666666666666,60.229885057471265
