Model,race,total,profession,religion,gender
gpt-3.5-turbo-0125,53.78191856452727,51.226637348829904,50.07584830339321,49.14529914529914,45.6986301369863
