Model,race,Total,profession,religion,gender
gpt-3.5-turbo-0125,52.44306418219462,49.92304067849851,49.053892215568865,47.43589743589743,43.6986301369863
