Model,race,religion,gender,total,profession
gpt-3.5-turbo-0125,21.868925298528186,21.471861471861473,21.032293679271323,20.977274882265558,19.884402344063577
