Model,race/ses,race/gender,ethnicity,total,gender,religion,ses,orientation,appearance,nationality,age,disability
chinese-alpaca-2-7b,5.169361501239231,3.7320208972115116,3.465555756807342,3.450826115071421,3.2673555523213507,3.0721435968243007,3.012365937994491,2.5462962962962963,1.9181585677749362,1.6269841269841272,1.36986301369863,1.3065064018813692
