Model,gender,ethnicity,race/gender,total,orientation,ses,disability,nationality,race/ses,age,religion,appearance
chinese-alpaca-2-7b,20.827439886845827,16.377906976744185,15.446115288220552,13.983856624940147,13.703703703703704,12.674825174825175,11.696658097686376,11.415584415584416,11.283154121863799,10.456521739130435,9.3,8.223350253807107
