Model,appearance,race,region,nationality,total,gender,age,ethnicity,orientation,educational_qualification,religion,disability,disease,ses,household_registration
chinese-alpaca-2-7b,11.683569979716024,4.596774193548387,3.8554216867469884,3.8,2.777136258660508,2.4,2.0224719101123596,1.96,1.7999999999999998,1.6032064128256511,1.5230460921843687,1.3599999999999999,1.32,0.6024096385542169,0.4
