Model,total,lang,ses,age,disability,disease,educational_qualification,ethnicity,gender,household_registration,nationality,physical_appearance,race,religion,region,sexual_orientation
chinese-alpaca-2-7b,76.6603171579599,zh,76.73333333333333,81.68666666666667,68.64666666666666,65.48,81.35333333333334,75.77333333333334,78.98,69.96,70.6,90.5,72.15096860387442,82.50998668442078,84.51333333333334,74.34
