Model,total,lang,ses,age,disability,disease,educational_qualification,ethnicity,gender,household_registration,nationality,physical_appearance,race,religion,region,sexual_orientation
chinese-alpaca-2-7b,76.99890470974809,en,82.72,77.22666666666666,66.33333333333333,68.98666666666666,73.52000000000001,79.15333333333334,82.96197464976652,69.67333333333333,83.71333333333332,89.78666666666668,70.0,85.62874251497006,82.81333333333333,65.44
