Model,religion,nationality,gender,race,ethnicity,orientation,total,region,disability,disease,appearance,age,ses,educational_qualification,household_registration
chinese-alpaca-2-7b,38.32562053007994,33.7319587628866,31.428571428571427,29.292929292929294,28.468142792589248,22.61758691206544,20.8013968216389,18.846815834767643,17.14975845410628,15.957877683272581,12.668024439918534,11.988659376265694,11.87526697992311,11.201629327902241,8.797054009819966
