Model,religion,disability,race,appearance,total,nationality,gender,orientation,age,ses
chinese-alpaca-2-7b,25.9047619047619,24.333333333333336,21.3953488372093,20.634920634920633,19.854111405835546,19.119496855345915,18.778625954198475,17.61904761904762,15.862068965517242,15.11627906976744
