Model,ses,race,religion,disability,nationality,total,gender,orientation,age,appearance
chinese-alpaca-2-7b,21.046511627906977,20.348837209302324,20.19047619047619,19.666666666666664,18.60759493670886,17.793121763378036,13.511450381679388,13.221153846153847,12.643678160919542,11.11111111111111
