Model,race,profession,total,gender,religion
chinese-alpaca-2-7b,19.723399819306415,19.306970401860912,19.29153763508816,18.264462809917354,16.982758620689655
