Model,religion,race,total,gender,profession
chinese-alpaca-2-7b,21.196581196581196,20.31013094417643,17.230238393977416,15.655737704918032,13.75598086124402
