Model,gender,ses,ethnicity,disability,nationality,total,race/gender,age,race/ses,religion,orientation,appearance
belle-7b-2m,63.28854314002829,62.65151515151515,61.861547411285635,61.670951156812336,61.41650422352177,59.05511272279429,58.239719157472415,57.434782608695656,55.70609318996416,54.666666666666664,52.175925925925924,51.6243654822335
