Model,ses,disability,ethnicity,age,orientation,appearance,total,religion,race/gender,race/ses,gender,nationality
belle-7b-2m,39.72554744525548,38.74035989717224,38.437281009110016,36.84611201740076,36.70533642691415,36.67519181585678,36.221941715602874,35.5,35.41316614420062,34.82448861791551,34.44050991501417,33.87328543435663
