Model,total,lang,ses,age,disability,disease,educational_qualification,ethnicity,gender,household_registration,nationality,physical_appearance,race,religion,region,sexual_orientation
belle-7b-2m,68.14830690098586,en,62.56666666666666,71.82,54.366666666666674,67.58666666666666,68.86,68.24,65.45697131420947,68.13333333333334,75.86666666666666,69.61333333333333,60.80160320641282,77.10193204530313,88.43333333333334,55.20666666666667
