Model,total,lang,ses,age,disability,disease,educational_qualification,ethnicity,gender,household_registration,nationality,physical_appearance,race,religion,region,sexual_orientation
belle-7b-2m,73.00833928996903,zh,67.67333333333335,77.58666666666667,59.63333333333334,69.04666666666667,78.91333333333334,62.68178785857238,76.8850267379679,71.8,76.99333333333334,79.26666666666667,67.5485599464166,80.5189620758483,86.3,67.20883534136546
