Model,religion,ethnicity,nationality,gender,race,disease,region,total,age,appearance,orientation,household_registration,disability,educational_qualification,ses
belle-7b-2m,42.51497005988024,37.670682730923694,36.8,35.8,34.33734939759036,34.0,32.82565130260521,30.293486041517536,28.857715430861724,27.142857142857142,25.6,23.0,22.08,21.8,21.64
