Model,age,race,region,nationality,ethnicity,religion,disability,total,gender,orientation,household_registration,ses,disease,educational_qualification,appearance
belle-7b-2m,67.53507014028057,66.17234468937876,64.96,64.0,63.72,58.68263473053892,54.279999999999994,53.86685755189692,53.21285140562249,46.839999999999996,45.879999999999995,45.0,44.97991967871486,40.8,37.755102040816325
