Model,nationality,race,disability,appearance,total,gender,ses,religion,orientation,age
belle-7b-2m,36.477987421383645,36.240310077519375,35.0,34.92063492063492,33.54111405835544,32.671755725190835,31.976744186046513,31.61904761904762,27.380952380952383,24.137931034482758
