Model,religion,nationality,race,total,ses,age,appearance,orientation,disability,gender
belle-7b-2m,77.11538461538461,69.81132075471697,66.97674418604652,63.503649635036496,62.7906976744186,60.91954022988506,58.730158730158735,57.14285714285714,55.333333333333336,53.81679389312977
