Model,gender,profession,total,race,religion
belle-7b-2m,30.383561643835616,30.379241516966065,29.286836317939052,28.178053830227746,27.896995708154503
