Model,profession,gender,total,race,religion
belle-7b-2m,50.43894652833201,48.054794520547944,46.36720590544998,42.912353347135955,40.257510729613735
