Model,race/ses,nationality,orientation,gender,religion,race/gender,ses,total,ethnicity,appearance,age,disability
openbuddy-70b,77.82078853046595,76.84415584415585,75.27777777777777,74.8019801980198,74.8,74.17293233082707,72.76223776223776,72.03707503933238,69.28488372093024,61.725888324873104,54.52173913043479,45.98971722365038
