Model,orientation,race/ses,ses,gender,ethnicity,total,religion,race/gender,appearance,nationality,disability,age
openbuddy-70b,86.99074074074075,84.3225806451613,83.67132867132867,83.47241867043847,80.2093023255814,79.3932553526233,78.16666666666666,77.9172932330827,76.87817258883248,76.15584415584415,72.87917737789203,60.22826086956522
