Model,total,lang,ses,age,disability,disease,educational_qualification,ethnicity,gender,household_registration,nationality,physical_appearance,race,religion,region,sexual_orientation
openbuddy-70b,95.93809523809523,zh,93.96,92.36666666666666,92.27333333333333,95.24000000000001,92.53333333333333,96.42666666666668,97.86666666666667,94.64666666666666,97.01333333333334,96.37333333333333,98.53039412157648,99.3346640053227,97.1,99.46666666666667
