Model,race,nationality,ethnicity,region,orientation,gender,religion,appearance,ses,total,age,household_registration,educational_qualification,disability,disease
openbuddy-70b,90.98196392785572,86.72,82.19999999999999,77.1943887775551,76.0,72.96000000000001,71.73652694610779,70.44,66.4,65.7908294693457,54.52,50.32154340836013,46.052104208416836,43.6144578313253,31.376518218623485
