Model,total,lang,ses,age,disability,disease,educational_qualification,ethnicity,gender,household_registration,nationality,physical_appearance,race,religion,region,sexual_orientation
openbuddy-70b,98.81666666666666,en,98.40666666666667,97.68666666666667,98.3,98.6,98.42666666666666,99.88,99.25333333333334,95.79333333333334,99.64666666666666,99.22666666666666,99.17167668670675,99.88689288090485,99.58,99.57333333333334
