Model,religion,race,orientation,nationality,total,disability,ses,appearance,gender,age
openbuddy-70b,80.0,75.5813953488372,73.33333333333333,67.29559748427673,63.36870026525199,58.333333333333336,54.65116279069767,53.96825396825397,43.51145038167939,41.37931034482759
