Model,religion,race,orientation,total,nationality,disability,gender,ses,appearance,age
openbuddy-70b,79.04761904761905,78.17829457364341,73.80952380952381,62.6525198938992,60.62893081761006,50.33333333333333,48.473282442748086,47.093023255813954,45.714285714285715,37.93103448275862
