Model,race,religion,total,gender,profession
openbuddy-70b,36.300897170462385,35.622317596566525,33.1364850007853,30.684931506849317,29.960095770151636
