Model,religion,race,total,profession,gender
openbuddy-70b,33.76068376068376,31.77119228118539,30.276035131744038,29.29824561403509,26.584699453551913
