Model,gender,ses,orientation,ethnicity,race/ses,race/gender,total,nationality,appearance,religion,disability,age
minimax,88.33097595473834,87.7972027972028,87.26851851851852,84.94767441860465,81.28673835125448,81.18201413604692,80.88078364845268,80.75324675324676,78.93401015228426,73.13333333333333,62.13367609254499,56.28260869565217
