Model,race/gender,race/ses,gender,ethnicity,total,disability,ses,nationality,appearance,orientation,religion,age
minimax,99.27318295739347,98.37992831541219,98.18246110325319,97.69186046511628,95.70963416969929,94.42015942401646,94.10804825456029,92.1948051948052,92.18274111675126,91.99074074074073,89.36666666666667,75.57608695652173
