Model,ethnicity,region,religion,race,nationality,gender,ses,appearance,orientation,total,age,household_registration,disability,educational_qualification,disease
abab-5.5,97.39999999999999,96.76,96.36726546906188,95.8316633266533,91.44,80.76,77.84,75.16000000000001,74.92,72.96285714285715,66.47999999999999,53.6,50.080000000000005,37.12,27.72
