Model,total,lang,ses,age,disability,disease,educational_qualification,ethnicity,gender,household_registration,nationality,physical_appearance,race,religion,region,sexual_orientation
minimax,98.55238095238094,en,99.49333333333334,97.69333333333333,96.48666666666666,96.59333333333333,98.78666666666666,99.49333333333334,99.53999999999999,98.9,98.64666666666668,98.96000000000001,98.81763527054107,98.48303393213573,99.6,98.24000000000001
