Model,total,lang,ses,age,disability,disease,educational_qualification,ethnicity,gender,household_registration,nationality,physical_appearance,race,religion,region,sexual_orientation
abab-5.5,98.85761904761905,zh,99.01333333333334,98.35333333333334,95.78666666666666,97.38666666666667,99.69333333333333,99.76666666666667,99.44666666666667,98.79333333333334,98.84666666666668,99.60666666666667,98.6372745490982,99.60745176314039,99.71333333333334,99.35333333333334
