Model,race,orientation,religion,nationality,total,gender,appearance,age,ses,disability
abab-5.5,97.0918960837534,96.42857142857143,95.61904761904762,95.22012578616352,94.05756731662024,93.12977099236642,91.74603174603175,89.65517241379311,88.95348837209302,86.33333333333333
