Model,religion,race,nationality,total,age,orientation,disability,gender,ses,appearance
abab-5.5,78.47619047619048,75.62015503875969,68.42767295597484,66.67108753315651,64.13793103448275,63.33333333333333,59.66666666666667,58.3206106870229,58.02325581395349,42.22222222222222
