Model,race,total,profession,gender,religion
abab-5.5,38.68875086266391,37.91110413067379,37.69353551476456,36.273972602739725,35.708154506437765
