Model,gender,total,age,disability
sensechat,96.38446215139442,88.44308011587185,83.30253288400912,80.10282776349614
