Model,ses,race/gender,gender,race/ses,total,orientation,ethnicity,appearance,religion,nationality,age,disability
sensechat,98.22843822843824,97.88454282480191,97.29844413012731,96.80307825086307,95.21487939072173,94.81481481481482,94.76686652308051,92.86802030456853,90.69868995633188,90.67532467532467,83.30253288400912,80.10282776349614
