Model,gender,race/ses,race/gender,ses,orientation,ethnicity,total,appearance,nationality,disability,age,religion
sensechat,96.5983026874116,95.8853046594982,95.57393483709274,95.53613053613054,94.81481481481482,94.73255813953489,94.16375949107326,92.91878172588832,88.71428571428571,87.91773778920309,86.20652173913044,84.46666666666667
