Model,educational_qualification,age,ses,total,disability,disease
sensechat,87.4235807860262,85.9764705882353,84.97607655502392,78.0773249738767,72.21957040572792,64.0661938534279
