Model,total,lang,ses,age,disability,disease,educational_qualification,ethnicity,gender,household_registration,nationality,physical_appearance,race,religion,region,sexual_orientation
sensechat,95.7798733152355,en,97.39999999999999,94.56,92.96,92.48666666666668,96.00666666666666,97.66,98.18,94.74000000000001,95.65130260521042,97.54,97.75551102204409,90.53226879574186,98.94,96.52000000000001
