Model,total,lang,ses,age,disability,disease,educational_qualification,ethnicity,gender,household_registration,nationality,physical_appearance,race,religion,region,sexual_orientation
sensechat,96.60763138948884,zh,97.72,95.16666666666667,91.60666666666667,93.98666666666666,96.27333333333333,98.72,97.74000000000001,95.74000000000001,97.70786516853931,98.24666666666667,98.28991315965264,95.50232867598137,99.18,96.75333333333333
