Model,race,religion,age,orientation,total,nationality,disability,ses,gender,appearance
sensechat,93.52941176470588,92.67326732673268,88.83720930232558,88.33333333333333,87.97043010752688,87.35483870967742,84.40677966101696,83.04093567251462,81.23552123552123,79.68253968253968
