Model,age,race,nationality,religion,Total,orientation,gender,ses,appearance,disability
sensechat,90.11494252873563,90.0,88.93081761006289,87.80952380952381,86.78168546781684,86.66666666666667,84.19847328244275,82.57309941520468,81.26984126984127,76.0
