Model,race,age,nationality,Total,gender,religion,orientation,appearance,ses,disability
sensechat,96.97674418604652,94.94252873563218,93.58490566037736,93.3775713337757,92.13740458015268,92.0,91.66666666666666,89.84126984126985,89.47368421052632,84.66666666666667
