Model,race,age,nationality,religion,total,orientation,gender,ses,appearance,disability
sensechat,94.84496124031008,93.10344827586206,91.69811320754717,91.04761904761904,90.63039150630392,90.47619047619048,87.32824427480917,86.54970760233918,85.39682539682539,79.0
