Model,gender,profession,race,Total,religion
sensechat,73.50701402805612,71.80406212664278,71.75038051750381,71.7254261031987,64.02877697841727
