Model,gender,race,Total,profession,religion
sensechat,64.20841683366734,61.99898528665651,61.200093392481904,59.89247311827957,54.82014388489208
