Model,gender,race,total,profession,religion
sensechat,66.05210420841684,63.926940639269404,63.081951902871815,61.72043010752688,56.83453237410072
