Model,race,total,gender,profession,religion
sensechat,70.45248553301262,68.44749146973335,67.92297111416782,66.85851318944844,62.45704467353952
