Model,nationality,appearance,race,religion,Total,gender,disability,orientation,age,ses
llama-13b,54.71698113207547,52.38095238095239,52.24806201550387,49.523809523809526,48.9920424403183,48.778625954198475,47.66666666666667,47.38095238095238,41.37931034482759,37.7906976744186
