Model,religion,race,Total,profession,gender
llama-13b,38.089171974522294,31.046457062412014,30.896938335489438,30.664451827242523,29.007352941176475
