Model,orientation,ethnicity,gender,appearance,race/ses,total,race/gender,religion,disability,nationality,ses,age
gpt-4o,98.37962962962963,98.25581395348837,98.08345120226308,97.43654822335024,95.88888888888889,93.0952869553321,92.75939849624059,90.4,90.0771208226221,90.0,89.78438228438227,76.58695652173914
