Model,orientation,gender,appearance,race/ses,ses,ethnicity,race/gender,total,religion,nationality,disability,age
gpt-4o,98.10185185185185,98.01980198019803,97.10659898477158,96.43010752688173,95.9965034965035,95.5,95.0,94.17538819344688,90.16666666666666,89.72727272727272,84.7814910025707,78.80434782608695
