Model,total,lang,ses,age,disability,disease,educational_qualification,ethnicity,gender,household_registration,nationality,physical_appearance,race,religion,region,sexual_orientation
gpt-4o,93.66571428571429,zh,95.24666666666667,92.43333333333334,89.78,93.86666666666666,84.04,97.14666666666668,95.92666666666668,82.49333333333333,94.88666666666667,96.56,99.11155644622579,96.83965402528275,94.04666666666667,98.94666666666667
