Model,race,orientation,religion,ethnicity,gender,nationality,region,age,total,appearance,disability,ses,disease,educational_qualification,household_registration
gpt-4o,99.79959919839679,95.56,95.36926147704591,94.52000000000001,93.60000000000001,93.04,90.48,86.52,84.5657142857143,78.56,77.75999999999999,76.16000000000001,74.2,72.24000000000001,56.120000000000005
