Model,total,lang,ses,age,disability,disease,educational_qualification,ethnicity,gender,household_registration,nationality,physical_appearance,race,religion,region,sexual_orientation
gpt-4o,95.3647619047619,en,95.84666666666666,95.73333333333333,95.08666666666666,95.63333333333334,91.12666666666667,97.52666666666666,97.74000000000001,85.57333333333334,95.82000000000001,94.48666666666666,99.5190380761523,98.00399201596807,94.12666666666667,98.88666666666667
