Model,race,orientation,religion,total,nationality,appearance,gender,disability,ses,age
gpt-4o,88.91472868217053,83.0952380952381,81.52380952380952,79.76127320954906,77.9874213836478,76.19047619047619,76.18320610687023,71.66666666666667,68.83720930232559,63.9080459770115
