Model,race,religion,orientation,nationality,total,age,appearance,gender,ses,disability
gpt-4o,93.10077519379844,92.38095238095238,90.47619047619048,89.05660377358491,87.29442970822281,82.75862068965517,82.53968253968253,81.45038167938932,80.58139534883722,75.66666666666667
