Model,gender,profession,total,race,religion
gpt-4o,73.83561643835617,72.02713487629688,71.74807601696246,71.04899930986888,70.90128755364807
