Model,profession,gender,total,race,religion
gpt-4o,62.98483639265762,61.726027397260275,61.583163185173554,60.5728088336784,58.62660944206009
