Model,race/gender,gender,nationality,ses,ethnicity,race/ses,orientation,total,appearance,religion,disability,age
ernie,98.06265664160401,97.09335219236209,96.4025974025974,95.62780923472069,95.23837209302326,94.5366553145725,94.48598130841121,94.18486888925385,88.55329949238579,88.13333333333333,77.146529562982,76.83695652173913
