Model,total,lang,ses,age,disability,disease,educational_qualification,ethnicity,gender,household_registration,nationality,physical_appearance,race,religion,region,sexual_orientation
ernie,95.71047619047619,en,96.53333333333333,92.38666666666666,92.87333333333333,92.92,95.1,97.34666666666666,98.99333333333334,94.82000000000001,96.19333333333333,95.68666666666667,96.55978623914496,98.39654025282768,97.01333333333334,95.12
