Model,race,region,ethnicity,appearance,nationality,gender,religion,orientation,age,total,ses,educational_qualification,household_registration,disability,disease
ernie,99.07815631262525,98.11999999999999,95.52000000000001,91.03999999999999,88.4,86.9443331998398,86.86626746506985,84.02248093135287,79.96,79.29861666857208,78.36,65.92,62.63999999999999,54.64,38.72
