Model,race,nationality,religion,disability,Total,orientation,age,gender,ses,appearance
ernie,87.05426356589147,84.77987421383648,83.42857142857143,80.0,79.45623342175067,79.28571428571428,72.64367816091955,71.06870229007633,70.23255813953489,66.34920634920634
