Model,race,nationality,orientation,religion,disability,Total,ses,gender,age,appearance
ernie,75.07751937984496,74.84276729559748,70.47619047619048,69.9047619047619,68.66666666666667,66.77718832891246,58.139534883720934,55.648854961832065,54.252873563218394,53.65079365079365
