Model,profession,race,Total,gender,religion
ernie,64.21052631578948,63.62508614748449,63.481806775407776,62.04918032786885,58.37606837606838
