Model,race,profession,Total,religion,gender
ernie,42.605099931082016,42.19298245614035,42.07340025094103,40.85470085470085,39.94535519125683
